DATE,SERIES,OPEN,HIGH,LOW,PREV. CLOSE,LTP,CLOSE,VWAP,52W H,52W L,VOLUME,VALUE,NO. OF  TRADES
18-Feb-2026,EQ,"774.60","798.00","773.60","774.60","798.00","795.95","790.95","798.00","577.85",2437994,"1,92,83,32,811.90",49197
17-Feb-2026,EQ,"773.70","776.75","770.85","772.85","774.65","774.60","773.43","780.00","577.85",684887,"52,97,14,024.70",28165
16-Feb-2026,EQ,"762.55","774.00","757.00","760.15","772.00","772.85","769.36","780.00","577.85",731192,"56,25,50,633.10",23845
13-Feb-2026,EQ,"769.00","771.85","757.85","770.65","760.40","760.15","763.46","780.00","577.85",966405,"73,78,12,256.80",40160
12-Feb-2026,EQ,"770.40","773.15","768.10","770.40","771.75","770.65","770.61","780.00","577.85",1374355,"1,05,90,86,946.65",73629
11-Feb-2026,EQ,"765.60","772.25","762.70","764.85","770.00","770.40","769.21","780.00","577.85",1100783,"84,67,36,877.80",52208
10-Feb-2026,EQ,"755.70","766.20","749.40","754.85","762.60","764.85","759.66","780.00","577.85",1514663,"1,15,06,28,469.35",61272
09-Feb-2026,EQ,"758.00","758.00","751.10","752.75","753.00","754.85","754.66","780.00","577.85",1609570,"1,21,46,72,329.10",46232
06-Feb-2026,EQ,"752.20","753.35","740.60","748.30","752.45","752.75","748.44","780.00","577.85",1737323,"1,30,02,85,301.35",41304
05-Feb-2026,EQ,"738.00","749.65","731.50","733.40","748.90","748.30","744.23","780.00","577.85",2400386,"1,78,64,39,103.80",58343
04-Feb-2026,EQ,"731.85","741.35","724.65","732.85","730.10","733.40","735.69","780.00","577.85",1287885,"94,74,83,791.10",31521
03-Feb-2026,EQ,"735.00","742.65","722.85","722.40","729.55","732.85","732.56","780.00","577.85",2982558,"2,18,49,11,822.85",79467
02-Feb-2026,EQ,"725.00","726.35","708.30","720.65","720.70","722.40","722.14","780.00","577.85",3074659,"2,22,03,35,791.20",52748
01-Feb-2026,EQ,"733.30","734.50","716.80","729.80","720.80","720.65","726.48","780.00","577.85",574440,"41,73,18,167.45",12551
30-Jan-2026,EQ,"725.00","735.00","719.05","729.95","730.00","729.80","727.70","780.00","577.85",4195864,"3,05,33,23,624.50",52667
29-Jan-2026,EQ,"734.00","735.85","725.10","736.65","730.00","729.95","729.34","780.00","577.85",1159830,"84,59,05,167.55",37905
28-Jan-2026,EQ,"754.00","756.00","721.35","745.80","735.15","736.65","735.78","780.00","577.85",5105125,"3,75,62,44,507.95",97948
27-Jan-2026,EQ,"752.70","752.70","741.05","740.95","746.70","745.80","745.31","780.00","577.85",2681953,"1,99,88,75,167.60",76409
23-Jan-2026,EQ,"751.75","754.00","738.85","751.75","742.00","740.95","743.98","780.00","577.85",1755248,"1,30,58,63,628.00",59201
22-Jan-2026,EQ,"750.00","757.45","747.00","747.95","751.00","751.75","752.85","780.00","577.85",2527936,"1,90,31,60,443.80",37872
21-Jan-2026,EQ,"748.05","752.70","740.60","749.55","747.00","747.95","745.95","780.00","577.85",1338880,"99,87,39,922.65",43228
20-Jan-2026,EQ,"762.00","762.90","746.75","760.60","750.90","749.55","754.93","780.00","577.85",1100332,"83,06,72,407.40",41516
19-Jan-2026,EQ,"760.00","765.05","752.65","760.15","759.75","760.60","758.57","780.00","577.85",1167269,"88,54,59,157.15",24866
16-Jan-2026,EQ,"758.15","764.30","749.80","749.80","758.80","760.15","759.66","780.00","577.85",2731620,"2,07,51,09,589.85",61640
14-Jan-2026,EQ,"753.15","758.40","747.10","756.05","749.00","749.80","753.01","780.00","577.85",720895,"54,28,37,780.50",30907
13-Jan-2026,EQ,"756.90","760.50","751.70","756.20","754.20","756.05","754.99","780.00","577.85",1397021,"1,05,47,34,336.35",45638
12-Jan-2026,EQ,"753.45","757.60","748.85","753.45","757.00","756.20","752.95","780.00","577.85",1042221,"78,47,39,368.85",26116
09-Jan-2026,EQ,"758.80","764.70","751.80","758.80","755.10","753.45","758.34","780.00","577.85",1127242,"85,48,31,633.90",28571
08-Jan-2026,EQ,"773.55","773.55","756.35","773.80","760.50","758.80","760.67","780.00","577.85",3203911,"2,43,71,17,032.10",56726
07-Jan-2026,EQ,"776.00","779.15","771.50","779.05","772.00","773.80","775.49","780.00","577.85",2185434,"1,69,47,72,279.90",51778
06-Jan-2026,EQ,"776.00","780.00","767.05","773.05","779.95","779.05","774.59","780.00","577.85",1894536,"1,46,74,79,206.40",39469
05-Jan-2026,EQ,"768.00","775.20","752.50","757.75","773.20","773.05","766.60","775.20","577.85",2638604,"2,02,27,64,435.50",55087
02-Jan-2026,EQ,"760.45","765.25","751.20","760.45","758.00","757.75","757.03","765.30","577.85",933700,"70,68,39,135.55",26936
01-Jan-2026,EQ,"755.00","762.85","746.00","750.60","759.60","760.45","755.88","765.30","577.85",710787,"53,72,69,202.40",24586
31-Dec-2025,EQ,"740.50","752.70","737.70","739.10","750.70","750.60","748.79","765.30","577.85",578363,"43,30,71,600.15",19603
30-Dec-2025,EQ,"753.40","753.60","736.35","753.10","739.00","739.10","742.38","765.30","577.85",3422069,"2,54,04,79,990.65",92902
29-Dec-2025,EQ,"745.00","755.00","743.00","743.30","753.00","753.10","749.62","765.30","577.85",1469144,"1,10,12,92,727.10",61528
26-Dec-2025,EQ,"735.05","746.50","732.70","734.75","743.50","743.30","740.72","765.30","577.85",996756,"73,83,21,645.30",25058
24-Dec-2025,EQ,"739.00","740.25","731.05","737.35","734.00","734.75","735.84","765.30","577.85",921626,"67,81,69,078.10",22101
23-Dec-2025,EQ,"739.70","739.95","727.70","739.25","735.60","737.35","733.84","765.30","577.85",1215107,"89,16,90,595.70",56319
22-Dec-2025,EQ,"741.20","743.45","737.50","741.20","738.15","739.25","740.33","765.30","577.85",1844499,"1,36,55,44,860.35",49247
19-Dec-2025,EQ,"743.45","743.50","732.60","742.45","736.75","741.20","739.79","765.30","577.85",1082044,"80,04,86,347.10",33473
18-Dec-2025,EQ,"743.55","743.55","733.90","738.15","742.00","742.45","740.16","765.30","577.85",1076550,"79,68,20,574.35",34714
17-Dec-2025,EQ,"738.00","741.35","734.10","738.80","736.55","738.15","738.08","765.30","577.85",877616,"64,77,46,539.80",32222
16-Dec-2025,EQ,"740.00","750.60","736.25","737.65","738.50","738.80","743.29","765.30","577.85",1942539,"1,44,38,63,357.40",37823
15-Dec-2025,EQ,"729.60","738.75","722.00","727.05","738.00","737.65","734.88","765.30","577.85",1525769,"1,12,12,58,764.30",33153
12-Dec-2025,EQ,"726.95","728.00","718.70","724.70","725.95","727.05","724.90","765.30","577.85",1794314,"1,30,07,03,185.75",31374
11-Dec-2025,EQ,"724.75","730.30","719.10","724.75","727.10","724.70","725.11","765.30","577.85",1627878,"1,18,03,84,292.80",43819
10-Dec-2025,EQ,"730.50","735.55","721.55","730.50","722.70","724.75","727.30","765.30","577.85",1196695,"87,03,50,669.40",30197
09-Dec-2025,EQ,"725.00","735.00","722.40","729.30","730.75","730.50","729.47","765.30","577.85",1120548,"81,74,04,388.30",28866
08-Dec-2025,EQ,"737.80","739.50","726.10","736.65","727.15","729.30","731.25","765.30","577.85",2300562,"1,68,22,87,348.30",51060
05-Dec-2025,EQ,"716.00","737.80","713.05","714.65","736.00","736.65","728.43","765.30","577.85",2651174,"1,93,12,00,603.45",61816
04-Dec-2025,EQ,"711.80","715.55","707.25","710.65","714.95","714.65","712.79","765.30","577.85",1425940,"1,01,63,99,781.60",39244
03-Dec-2025,EQ,"717.90","719.65","708.50","717.35","709.70","710.65","712.22","765.30","577.85",1403587,"99,96,65,504.45",42073
02-Dec-2025,EQ,"720.50","724.10","713.05","718.95","715.65","717.35","717.60","765.30","577.85",2439574,"1,75,06,32,137.20",53790
01-Dec-2025,EQ,"717.70","721.35","711.05","717.40","718.50","718.95","715.85","765.30","577.85",2277267,"1,63,01,78,514.00",36801
28-Nov-2025,EQ,"727.40","728.90","715.00","727.40","716.30","717.40","719.84","765.30","577.85",1314458,"94,61,99,625.10",43594
27-Nov-2025,EQ,"736.40","738.50","720.55","734.10","727.00","727.40","727.03","765.30","577.85",1934840,"1,40,66,95,308.85",51842
26-Nov-2025,EQ,"731.05","737.50","727.40","731.35","736.60","734.10","731.44","765.30","577.85",1984835,"1,45,17,90,823.65",32736
25-Nov-2025,EQ,"735.00","736.15","728.00","735.95","728.00","731.35","732.02","765.30","577.85",968184,"70,87,26,084.40",40951
24-Nov-2025,EQ,"740.90","742.90","730.35","739.90","734.00","735.95","736.01","765.30","577.85",4028756,"2,96,51,87,356.90",54988
21-Nov-2025,EQ,"733.35","743.00","733.00","736.15","736.10","739.90","739.38","765.30","577.85",1754099,"1,29,69,40,399.20",58890
20-Nov-2025,EQ,"748.00","751.90","733.35","748.15","737.00","736.15","742.35","765.30","577.85",1605550,"1,19,18,72,466.30",36770
19-Nov-2025,EQ,"753.90","756.40","745.85","756.45","752.00","748.15","751.00","765.30","577.85",2500810,"1,87,81,02,074.30",58230
18-Nov-2025,EQ,"757.95","765.30","753.05","760.70","754.00","756.45","760.07","765.30","577.85",2300354,"1,74,84,41,318.45",57437
17-Nov-2025,EQ,"753.50","764.65","750.20","738.70","758.80","760.70","759.44","764.65","577.85",3726013,"2,82,96,66,841.40",70805
14-Nov-2025,EQ,"722.00","741.85","712.40","722.00","737.95","738.70","727.70","759.00","577.85",2572321,"1,87,18,81,475.30",50035
13-Nov-2025,EQ,"720.95","727.15","718.00","720.95","722.50","722.00","721.77","759.00","577.85",698548,"50,41,92,528.10",36879
12-Nov-2025,EQ,"713.50","725.10","706.75","713.00","719.00","720.95","716.59","759.00","577.85",2394231,"1,71,56,84,610.20",50716
11-Nov-2025,EQ,"718.45","718.45","709.70","719.25","713.00","713.00","713.51","759.00","577.85",2399280,"1,71,19,09,230.70",39814
10-Nov-2025,EQ,"713.90","720.90","710.45","711.60","720.00","719.25","718.28","759.00","577.85",337191,"24,21,96,155.35",20856
07-Nov-2025,EQ,"716.00","716.00","705.80","713.15","710.20","711.60","711.08","759.00","577.85",453081,"32,21,77,189.80",23541
06-Nov-2025,EQ,"715.00","720.50","711.20","717.30","712.65","713.15","714.49","759.00","577.85",670236,"47,88,74,000.60",28518
04-Nov-2025,EQ,"718.00","720.80","715.35","722.20","718.95","717.30","717.54","759.00","577.85",605166,"43,42,33,654.75",22666
03-Nov-2025,EQ,"716.30","724.90","716.25","719.95","722.65","722.20","720.65","759.00","577.85",713200,"51,39,66,761.75",25377
31-Oct-2025,EQ,"721.50","728.65","718.65","721.50","722.00","719.95","722.61","759.00","577.85",1185320,"85,65,24,027.85",25827
30-Oct-2025,EQ,"720.00","724.70","717.15","721.80","723.80","721.50","720.59","759.00","577.85",1504657,"1,08,42,39,544.75",38005
29-Oct-2025,EQ,"720.10","724.40","718.85","720.05","721.50","721.80","722.07","759.00","577.85",1943057,"1,40,30,13,700.70",36659
28-Oct-2025,EQ,"720.10","730.00","716.00","723.60","719.20","720.05","720.05","759.00","577.85",2259608,"1,62,70,23,726.70",37494
27-Oct-2025,EQ,"725.95","728.60","717.00","725.85","723.00","723.60","722.82","759.00","577.85",1032827,"74,65,49,305.45",33674
24-Oct-2025,EQ,"724.80","727.90","713.00","724.80","725.95","725.85","723.44","759.00","577.85",1279440,"92,55,95,514.60",30363
23-Oct-2025,EQ,"722.00","736.50","720.20","722.05","722.10","724.80","729.55","759.00","577.85",1679459,"1,22,52,53,189.85",62571
21-Oct-2025,EQ,"729.10","729.90","718.00","727.35","720.80","722.05","724.15","759.00","577.85",81792,"5,92,29,622.35",3477
20-Oct-2025,EQ,"735.10","742.00","726.30","735.15","727.00","727.35","729.63","759.00","577.85",1394719,"1,01,76,35,138.10",37623
17-Oct-2025,EQ,"728.50","739.50","726.95","725.70","736.00","735.15","734.72","759.00","577.85",1707666,"1,25,46,47,877.50",49694
16-Oct-2025,EQ,"710.00","726.95","708.40","710.20","726.75","725.70","717.82","759.00","577.85",1205842,"86,55,71,500.20",33225
15-Oct-2025,EQ,"708.25","713.00","705.20","708.20","707.80","710.20","710.27","759.00","577.85",2960078,"2,10,24,63,704.55",21330
14-Oct-2025,EQ,"713.35","717.45","707.00","713.35","707.00","708.20","711.88","759.00","577.85",632893,"45,05,41,109.00",47696
13-Oct-2025,EQ,"709.90","716.90","708.45","714.30","712.90","713.35","712.38","759.00","577.85",1598740,"1,13,89,13,911.10",54287
10-Oct-2025,EQ,"717.50","719.55","712.50","715.85","712.60","714.30","716.05","759.00","577.85",1412130,"1,01,11,61,980.00",62152
09-Oct-2025,EQ,"706.50","717.85","704.35","710.80","717.00","715.85","711.83","759.00","577.85",1809553,"1,28,80,87,789.50",47506
08-Oct-2025,EQ,"710.00","713.95","707.00","714.95","710.00","710.80","710.69","759.00","577.85",1546833,"1,09,93,11,515.70",43991
07-Oct-2025,EQ,"715.95","721.95","711.25","715.55","714.70","714.95","717.27","759.00","577.85",1864614,"1,33,74,26,903.90",47603
06-Oct-2025,EQ,"715.00","716.75","703.95","710.95","716.50","715.55","710.60","759.00","577.85",1988455,"1,41,29,95,703.20",32673
03-Oct-2025,EQ,"700.00","712.75","697.60","701.75","710.00","710.95","708.11","759.00","577.85",1495780,"1,05,91,80,739.60",41469
01-Oct-2025,EQ,"697.00","704.60","691.30","697.40","704.00","701.75","699.42","759.00","577.85",2015531,"1,40,97,05,726.55",38529
30-Sep-2025,EQ,"698.70","702.15","693.50","698.70","697.00","697.40","697.44","759.00","577.85",1891260,"1,31,90,47,078.00",48705
29-Sep-2025,EQ,"695.10","703.00","690.30","698.35","700.05","698.70","697.03","759.00","577.85",2398826,"1,67,20,45,256.15",81633
26-Sep-2025,EQ,"703.60","704.75","695.65","703.60","698.50","698.35","699.67","759.00","577.85",2170529,"1,51,86,52,438.65",55489
25-Sep-2025,EQ,"710.40","711.35","702.10","707.55","703.00","703.60","706.71","759.00","577.85",1751179,"1,23,75,78,314.75",42383
24-Sep-2025,EQ,"709.00","713.75","700.05","706.00","708.05","707.55","707.62","759.00","577.85",2131661,"1,50,84,12,291.75",64976
23-Sep-2025,EQ,"720.40","721.50","704.50","716.85","705.25","706.00","709.89","759.00","577.85",1832965,"1,30,12,06,477.20",43938
22-Sep-2025,EQ,"720.15","729.15","714.40","720.15","716.70","716.85","720.47","759.00","577.85",1425905,"1,02,73,23,488.70",41552
19-Sep-2025,EQ,"721.00","723.90","716.00","719.75","722.00","720.15","719.43","759.00","577.85",3589676,"2,58,25,31,554.10",36716
18-Sep-2025,EQ,"713.80","724.10","713.40","711.90","722.40","719.75","719.92","759.00","577.85",1972919,"1,42,03,52,723.65",47204
17-Sep-2025,EQ,"730.00","730.00","709.95","723.90","713.80","711.90","714.15","759.00","577.85",5946154,"4,24,64,40,444.25",71512
16-Sep-2025,EQ,"729.95","731.75","719.55","727.50","723.00","723.90","723.98","759.00","577.85",1685896,"1,22,05,50,485.20",49843
15-Sep-2025,EQ,"734.05","735.95","724.05","734.55","728.00","727.50","727.39","759.00","577.85",2023144,"1,47,16,21,795.45",61449
12-Sep-2025,EQ,"738.95","738.95","731.70","734.10","735.70","734.55","734.67","759.00","577.85",1040773,"76,46,25,112.00",36204
11-Sep-2025,EQ,"736.45","738.90","729.90","734.55","733.10","734.10","733.41","759.00","577.85",1297516,"95,16,05,350.55",36073
10-Sep-2025,EQ,"734.00","737.70","728.90","732.50","736.50","734.55","731.87","759.00","577.85",2564874,"1,87,71,44,913.95",65630
09-Sep-2025,EQ,"731.20","734.85","724.45","730.60","734.00","732.50","729.89","759.00","577.85",1455793,"1,06,25,67,443.10",56089
08-Sep-2025,EQ,"730.80","736.00","728.70","731.70","730.00","730.60","732.59","759.00","577.85",455182,"33,34,63,025.15",17783
05-Sep-2025,EQ,"740.00","740.45","726.00","738.60","731.75","731.70","731.24","759.00","577.85",1035892,"75,74,89,564.05",36402
04-Sep-2025,EQ,"754.75","754.75","734.80","734.75","738.50","738.60","740.61","759.00","577.85",2251956,"1,66,78,28,369.20",58296
03-Sep-2025,EQ,"742.00","742.95","732.05","741.90","733.05","734.75","736.24","759.00","577.85",1252252,"92,19,57,914.25",46856
02-Sep-2025,EQ,"731.60","746.20","731.50","731.40","742.50","741.90","741.50","759.00","577.85",2961872,"2,19,62,35,706.35",88119
01-Sep-2025,EQ,"726.40","732.90","725.45","725.85","731.50","731.40","730.13","759.00","577.85",1044767,"76,28,11,291.30",51715
29-Aug-2025,EQ,"710.00","727.00","709.30","711.60","726.00","725.85","722.50","759.00","577.85",2136019,"1,54,32,67,715.60",63809
28-Aug-2025,EQ,"726.00","726.00","708.70","717.75","714.05","711.60","713.22","759.00","577.85",1888463,"1,34,68,81,903.30",65018
26-Aug-2025,EQ,"720.00","726.60","715.20","722.40","718.40","717.75","720.74","759.00","577.85",5014160,"3,61,38,93,917.55",82255
25-Aug-2025,EQ,"732.75","734.30","720.40","730.70","725.00","722.40","725.35","759.00","577.85",1747160,"1,26,73,03,391.35",46836
22-Aug-2025,EQ,"741.65","742.10","724.65","739.65","731.70","730.70","730.26","759.00","577.85",1579250,"1,15,32,59,859.05",46412
21-Aug-2025,EQ,"759.00","759.00","737.45","751.85","739.00","739.65","745.63","759.00","577.85",3103085,"2,31,37,55,019.60",49710
20-Aug-2025,EQ,"727.85","753.40","717.45","727.95","753.00","751.85","743.34","753.40","577.85",2543319,"1,89,05,58,750.15",73426
19-Aug-2025,EQ,"720.55","730.00","712.05","720.40","723.00","727.95","724.35","745.00","577.85",955973,"69,24,61,909.60",31966
18-Aug-2025,EQ,"725.05","728.70","714.30","710.55","720.15","720.40","719.50","745.00","577.85",1946107,"1,40,02,33,615.65",52020
14-Aug-2025,EQ,"710.20","713.20","704.90","710.20","710.50","710.55","710.47","745.00","577.85",1469217,"1,04,38,31,012.70",40077
13-Aug-2025,EQ,"705.05","711.00","699.25","704.10","710.25","710.20","704.13","745.00","577.85",1291837,"90,96,16,472.65",27990
12-Aug-2025,EQ,"707.70","712.50","702.85","707.00","707.70","704.10","706.45","745.00","577.85",867153,"61,25,98,059.05",42501
11-Aug-2025,EQ,"705.80","710.15","695.20","703.95","708.00","707.00","703.85","745.00","577.85",1145468,"80,62,41,531.65",43656
08-Aug-2025,EQ,"718.95","719.25","702.70","718.55","705.25","703.95","709.01","745.00","577.85",1321300,"93,68,11,258.45",25572
07-Aug-2025,EQ,"712.15","719.90","707.25","714.65","718.10","718.55","713.53","745.00","577.85",977299,"69,73,31,516.25",28715
06-Aug-2025,EQ,"720.00","724.10","709.30","716.05","715.00","714.65","714.80","745.00","577.85",2396780,"1,71,32,27,068.40",48089
05-Aug-2025,EQ,"730.05","734.85","707.40","723.30","716.05","716.05","716.29","745.00","577.85",3632435,"2,60,18,76,376.55",74453
04-Aug-2025,EQ,"712.95","733.90","707.10","711.20","724.40","723.30","719.81","745.00","577.85",4451592,"3,20,43,16,322.60",81391
01-Aug-2025,EQ,"707.10","724.95","707.10","709.80","709.95","711.20","714.81","745.00","577.85",2791635,"1,99,54,89,066.45",54746
31-Jul-2025,EQ,"700.00","714.35","699.00","703.05","709.90","709.80","709.30","745.00","577.85",2682787,"1,90,29,06,833.15",87992
30-Jul-2025,EQ,"698.15","705.65","696.15","698.20","701.65","703.05","701.87","745.00","577.85",2091790,"1,46,81,63,674.80",58725
29-Jul-2025,EQ,"696.00","701.30","691.50","698.40","698.25","698.20","696.07","745.00","577.85",2285806,"1,59,10,75,727.50",64020
28-Jul-2025,EQ,"694.30","709.80","690.20","693.95","697.90","698.40","701.06","745.00","577.85",1956621,"1,37,17,16,150.35",49048
25-Jul-2025,EQ,"705.65","707.05","691.50","706.90","694.00","693.95","696.76","745.00","577.85",937078,"65,29,22,670.25",48761
24-Jul-2025,EQ,"720.00","723.80","701.00","720.60","707.75","706.90","707.56","745.00","577.85",888831,"62,89,02,974.55",30554
23-Jul-2025,EQ,"718.90","722.10","711.70","716.35","720.05","720.60","717.09","745.00","577.85",1226308,"87,93,78,233.00",29771
22-Jul-2025,EQ,"720.00","724.55","714.95","717.70","717.00","716.35","718.36","745.00","577.85",1717457,"1,23,37,59,052.25",35793
21-Jul-2025,EQ,"720.20","726.50","712.80","720.20","720.00","717.70","719.53","745.00","577.85",2355411,"1,69,47,86,513.20",47747
18-Jul-2025,EQ,"733.30","734.10","719.10","733.30","719.50","720.20","723.04","745.00","577.85",554526,"40,09,43,008.70",21777
17-Jul-2025,EQ,"732.90","738.40","731.95","731.65","734.35","733.30","735.19","745.00","577.85",1114793,"81,95,81,576.00",34558
16-Jul-2025,EQ,"745.00","745.00","729.35","740.20","731.00","731.65","734.06","745.00","577.85",1250246,"91,77,50,706.95",33962
15-Jul-2025,EQ,"727.90","742.20","726.25","728.00","740.00","740.20","735.91","744.45","577.85",1267255,"93,25,87,823.10",53275
14-Jul-2025,EQ,"730.70","731.85","722.60","725.65","726.90","728.00","728.09","744.45","577.85",1403107,"1,02,15,83,485.00",30046
11-Jul-2025,EQ,"728.20","735.00","722.55","726.95","725.55","725.65","729.35","744.45","577.85",1263356,"92,14,26,556.70",45407
10-Jul-2025,EQ,"735.00","735.00","725.30","730.35","727.00","726.95","729.12","744.45","577.85",1174052,"85,60,24,222.80",42676
09-Jul-2025,EQ,"730.30","732.20","721.05","727.95","730.65","730.35","726.96","744.45","577.85",2447741,"1,77,94,17,740.25",46001
08-Jul-2025,EQ,"730.00","734.40","725.85","729.35","726.40","727.95","729.41","744.45","577.85",1764146,"1,28,67,93,766.95",28518
07-Jul-2025,EQ,"728.95","739.00","727.30","728.60","730.50","729.35","732.06","744.45","577.85",2641977,"1,93,40,95,643.00",61899
04-Jul-2025,EQ,"735.00","744.45","725.20","713.35","728.00","728.60","733.57","744.45","577.85",6030354,"4,42,37,08,119.15",110346
03-Jul-2025,EQ,"713.20","717.75","707.15","712.40","714.85","713.35","712.25","740.20","577.85",2125636,"1,51,39,94,429.45",37636
02-Jul-2025,EQ,"717.05","719.10","705.35","717.30","708.55","712.40","711.34","740.20","577.85",2521750,"1,79,38,24,310.85",48185
01-Jul-2025,EQ,"723.95","729.00","710.50","722.35","716.00","717.30","717.89","740.20","577.85",1202600,"86,33,39,879.60",39744
30-Jun-2025,EQ,"729.45","730.95","718.00","731.65","722.00","722.35","721.31","740.20","577.85",1618205,"1,16,72,32,963.25",48687
27-Jun-2025,EQ,"728.00","735.70","724.45","726.25","729.60","731.65","731.30","740.20","577.85",4329253,"3,16,59,75,641.25",109090
26-Jun-2025,EQ,"705.80","727.90","705.80","704.90","725.00","726.25","719.94","740.20","577.85",3673197,"2,64,44,78,387.30",86381
25-Jun-2025,EQ,"708.90","712.00","703.60","703.50","703.95","704.90","707.14","740.20","577.85",3216401,"2,27,44,54,675.45",61382
24-Jun-2025,EQ,"699.15","705.70","695.00","693.90","704.00","703.50","702.07","740.20","577.85",1250576,"87,79,95,917.00",35607
23-Jun-2025,EQ,"691.00","699.00","687.55","693.30","692.80","693.90","695.04","740.20","577.85",1200845,"83,46,40,758.95",33197
20-Jun-2025,EQ,"690.60","696.80","687.00","690.60","689.00","693.30","691.19","740.20","577.85",2558526,"1,76,84,16,380.35",41896
19-Jun-2025,EQ,"694.00","695.50","687.40","689.70","690.00","690.60","691.36","740.20","577.85",973270,"67,28,81,204.80",19388
18-Jun-2025,EQ,"686.85","694.60","686.25","686.85","690.80","689.70","689.83","740.20","577.85",1810324,"1,24,88,19,599.45",27843
17-Jun-2025,EQ,"692.00","696.40","684.20","690.80","686.00","686.85","690.20","740.20","577.85",2159490,"1,49,04,88,089.60",34601
16-Jun-2025,EQ,"685.60","692.25","680.30","691.20","692.00","690.80","687.77","740.20","577.85",1894563,"1,30,30,19,665.00",38547
13-Jun-2025,EQ,"684.80","693.55","681.85","692.45","691.50","691.20","689.06","740.20","577.85",1359160,"93,65,46,102.55",31740
12-Jun-2025,EQ,"703.80","705.00","690.60","700.25","691.30","692.45","694.12","740.20","577.85",1686574,"1,17,06,82,412.20",38455
11-Jun-2025,EQ,"699.00","707.40","697.40","698.65","700.90","700.25","701.77","740.20","577.85",3560937,"2,49,89,46,391.30",44167
10-Jun-2025,EQ,"707.40","708.75","696.40","704.35","698.95","698.65","699.97","740.20","577.85",1533185,"1,07,31,77,271.50",47976
09-Jun-2025,EQ,"700.45","705.90","695.10","698.65","704.30","704.35","699.88","740.20","577.85",904800,"63,32,50,479.20",20374
06-Jun-2025,EQ,"705.00","705.75","697.00","703.15","700.00","698.65","699.66","740.20","577.85",1105116,"77,32,01,157.95",35440
05-Jun-2025,EQ,"707.05","707.05","699.65","703.05","700.30","703.15","703.47","740.20","577.85",1319022,"92,78,98,838.45",30099
04-Jun-2025,EQ,"704.50","708.45","699.80","703.60","705.75","703.05","703.25","740.20","577.85",1944866,"1,36,77,26,189.65",56941
03-Jun-2025,EQ,"708.80","708.80","699.45","704.35","704.65","703.60","702.32","740.20","577.85",1738779,"1,22,11,78,797.65",36962
02-Jun-2025,EQ,"715.05","718.80","700.80","716.45","703.20","704.35","706.72","740.20","577.85",1630797,"1,15,25,08,752.55",57180
30-May-2025,EQ,"719.40","727.90","711.90","723.45","718.00","716.45","717.43","740.20","577.85",3894257,"2,79,38,73,292.85",57366
29-May-2025,EQ,"723.90","726.00","712.30","719.30","723.25","723.45","719.26","740.20","577.85",2316776,"1,66,63,58,123.00",68607
28-May-2025,EQ,"718.10","725.00","713.70","715.65","721.40","719.30","720.22","740.20","577.85",2271957,"1,63,62,98,403.05",38413
27-May-2025,EQ,"712.45","717.00","702.75","711.35","716.90","715.65","712.55","740.20","577.85",1267453,"90,31,26,529.20",30924
26-May-2025,EQ,"704.00","712.50","702.35","700.85","712.45","711.35","708.19","740.20","577.85",1994607,"1,41,25,54,465.95",45445
23-May-2025,EQ,"698.25","709.25","696.75","698.25","701.65","700.85","703.39","740.20","577.85",1724941,"1,21,33,01,825.45",25604
22-May-2025,EQ,"709.80","712.00","695.10","709.65","698.75","698.25","699.23","740.20","577.85",2352847,"1,64,51,92,285.70",39145
21-May-2025,EQ,"705.25","718.30","705.25","704.05","710.00","709.65","710.83","740.20","577.85",2944314,"2,09,29,19,260.25",51744
20-May-2025,EQ,"721.80","722.75","702.30","716.60","704.60","704.05","710.00","740.20","577.85",2493313,"1,77,02,43,510.70",47503
19-May-2025,EQ,"724.40","726.80","713.55","724.40","716.15","716.60","717.93","740.20","577.85",1434238,"1,02,96,83,122.30",33851
16-May-2025,EQ,"721.00","729.90","716.10","720.60","723.00","724.40","724.70","740.20","577.85",1909055,"1,38,34,93,661.90",45752
15-May-2025,EQ,"726.80","731.00","716.70","722.55","721.75","720.60","723.08","740.20","577.85",4308349,"3,11,52,83,564.45",62821
14-May-2025,EQ,"723.95","732.80","720.80","727.60","721.60","722.55","725.21","740.20","577.85",2751553,"1,99,54,40,608.10",53487
13-May-2025,EQ,"738.00","738.00","725.10","738.10","727.00","727.60","729.09","740.20","577.85",2720588,"1,98,35,65,030.40",60252
12-May-2025,EQ,"734.95","739.00","726.90","723.30","738.10","738.10","733.69","740.20","577.85",1515956,"1,11,22,44,498.20",41631
09-May-2025,EQ,"712.00","725.00","712.00","719.55","721.00","723.30","720.55","740.20","518.25",2511756,"1,80,98,50,389.90",61910
08-May-2025,EQ,"740.00","740.20","716.60","736.35","718.00","719.55","725.64","740.20","518.25",3195214,"2,31,85,88,418.35",92978
07-May-2025,EQ,"707.00","737.50","707.00","720.10","734.15","736.35","732.39","737.50","518.25",3995818,"2,92,64,99,559.60",77433
06-May-2025,EQ,"722.65","727.70","713.55","722.65","720.90","720.10","718.95","736.90","518.25",2063870,"1,48,38,17,309.25",53075
05-May-2025,EQ,"709.80","735.85","709.75","697.75","726.35","722.65","724.11","736.90","518.25",8525971,"6,17,37,01,252.40",123847
02-May-2025,EQ,"708.05","713.00","696.00","710.45","698.50","697.75","703.61","736.90","510.45",1352659,"95,17,51,126.35",53770
30-Apr-2025,EQ,"710.85","722.80","706.55","711.35","709.00","710.45","712.60","736.90","510.45",2215886,"1,57,90,48,169.25",54260
29-Apr-2025,EQ,"715.45","723.95","709.95","715.45","710.25","711.35","715.58","736.90","510.45",1846949,"1,32,16,45,994.15",47104
28-Apr-2025,EQ,"707.70","722.25","705.60","710.40","715.05","715.45","717.15","736.90","510.45",2393391,"1,71,64,14,968.30",48495
25-Apr-2025,EQ,"717.30","722.30","706.20","712.75","710.00","710.40","712.28","736.90","503.15",1566764,"1,11,59,69,419.60",57868
24-Apr-2025,EQ,"716.80","722.80","705.45","716.55","712.60","712.75","714.07","736.90","503.15",2663875,"1,90,22,04,770.95",55508
23-Apr-2025,EQ,"710.95","719.40","707.10","709.15","715.00","716.55","712.70","736.90","503.15",2282463,"1,62,67,03,674.65",57094
22-Apr-2025,EQ,"698.90","716.40","694.10","695.15","709.90","709.15","706.80","736.90","503.15",2138487,"1,51,14,85,363.25",50868
21-Apr-2025,EQ,"714.80","714.80","694.10","714.80","695.15","695.15","700.75","736.90","503.15",2702126,"1,89,35,21,891.55",85557
17-Apr-2025,EQ,"718.00","726.30","713.05","720.45","713.75","714.80","716.84","736.90","495.15",2584756,"1,85,28,49,555.05",65896
16-Apr-2025,EQ,"711.10","724.55","709.10","711.85","719.00","720.45","720.23","736.90","495.15",2898568,"2,08,76,29,080.85",68036
15-Apr-2025,EQ,"716.00","720.00","701.40","709.95","711.20","711.85","709.39","736.90","495.15",4917060,"3,48,81,09,939.00",106026
11-Apr-2025,EQ,"693.45","714.65","687.75","693.45","708.55","709.95","705.21","736.90","495.15",5205941,"3,67,12,71,539.35",75468
09-Apr-2025,EQ,"677.05","698.40","675.50","678.10","692.25","693.45","691.53","736.90","495.15",3695669,"2,55,56,49,168.95",98573
08-Apr-2025,EQ,"668.00","680.00","660.95","662.65","679.00","678.10","673.37","736.90","495.15",3307994,"2,22,74,97,749.20",84919
07-Apr-2025,EQ,"650.00","678.00","647.55","677.30","662.00","662.65","664.47","736.90","495.15",2540552,"1,68,81,17,184.25",83458
04-Apr-2025,EQ,"658.90","682.00","653.95","660.95","680.85","677.30","672.09","736.90","490.55",4041611,"2,71,63,24,103.25",89722
03-Apr-2025,EQ,"655.00","662.50","645.10","656.45","660.00","660.95","657.59","736.90","490.55",2210443,"1,45,35,60,191.05",38902
02-Apr-2025,EQ,"650.50","659.90","643.80","647.55","657.00","656.45","653.67","736.90","490.55",2202713,"1,43,98,37,194.40",52780
01-Apr-2025,EQ,"641.00","660.50","641.00","651.65","650.00","647.55","651.93","736.90","490.55",1203066,"78,43,17,612.50",42540
28-Mar-2025,EQ,"649.05","661.00","649.00","649.05","652.95","651.65","654.23","736.90","490.55",1075086,"70,33,49,252.00",42789
27-Mar-2025,EQ,"642.00","651.50","635.70","639.75","651.00","649.05","646.05","736.90","490.55",1497543,"96,74,88,875.40",59126
26-Mar-2025,EQ,"629.00","642.90","627.10","624.80","640.00","639.75","637.30","736.90","490.55",1901786,"1,21,20,09,994.75",72225
25-Mar-2025,EQ,"634.60","638.95","622.20","632.90","622.95","624.80","628.61","736.90","490.55",1419249,"89,21,59,642.60",36076
24-Mar-2025,EQ,"635.20","636.00","629.85","630.80","635.95","632.90","633.51","736.90","490.55",697650,"44,19,68,804.05",18178
21-Mar-2025,EQ,"634.50","634.55","627.50","632.35","632.50","630.80","630.63","736.90","486.30",1549109,"97,69,15,796.20",45261
20-Mar-2025,EQ,"623.60","633.85","615.50","619.10","632.60","632.35","629.20","736.90","486.30",1000000,"62,91,98,200.60",35117
19-Mar-2025,EQ,"618.45","622.75","615.25","621.35","619.95","619.10","619.26","736.90","486.30",1640160,"1,01,56,85,158.90",39112
18-Mar-2025,EQ,"611.90","622.20","610.00","607.55","621.00","621.35","618.97","736.90","486.30",605785,"37,49,61,775.10",17776
17-Mar-2025,EQ,"601.00","609.60","601.00","606.30","607.90","607.55","606.15","736.90","486.30",820003,"49,70,43,428.10",32182
13-Mar-2025,EQ,"603.45","613.00","598.75","600.35","606.10","606.30","606.52","736.90","486.30",689569,"41,82,37,639.65",27657
12-Mar-2025,EQ,"603.10","607.60","597.95","602.90","602.40","600.35","600.32","736.90","486.30",3676916,"2,20,73,38,952.50",47413
11-Mar-2025,EQ,"605.85","606.40","592.70","607.30","605.00","602.90","599.95","736.90","486.30",2227722,"1,33,65,20,990.40",35874
10-Mar-2025,EQ,"609.95","615.00","605.25","609.65","605.85","607.30","609.13","736.90","486.30",1188893,"72,41,87,359.70",41867
07-Mar-2025,EQ,"607.70","613.35","604.95","607.70","610.95","609.65","609.88","736.90","486.30",1327590,"80,96,66,240.85",43423
06-Mar-2025,EQ,"596.75","611.50","594.00","589.15","606.90","607.70","606.32","736.90","486.30",2103830,"1,27,55,87,328.25",82238
05-Mar-2025,EQ,"584.80","594.20","581.95","587.75","592.35","589.15","589.18","736.90","486.30",3256655,"1,91,87,41,326.20",63267
04-Mar-2025,EQ,"585.00","590.60","577.85","594.15","588.00","587.75","582.77","736.90","486.30",4370725,"2,54,71,28,252.85",60668
03-Mar-2025,EQ,"596.80","599.65","589.50","600.60","594.90","594.15","593.94","736.90","486.30",1783194,"1,05,91,10,338.95",55081
28-Feb-2025,EQ,"620.80","624.55","598.05","623.30","599.95","600.60","604.28","736.90","486.30",2680280,"1,61,96,40,055.00",74203
27-Feb-2025,EQ,"610.00","625.25","609.95","621.80","621.70","623.30","621.62","736.90","486.30",1440672,"89,55,52,326.00",48759
25-Feb-2025,EQ,"616.25","623.75","615.85","621.25","621.00","621.80","621.41","736.90","486.30",1225342,"76,14,43,182.15",30627
24-Feb-2025,EQ,"611.00","625.85","611.00","624.80","620.90","621.25","621.31","736.90","486.30",1542899,"95,86,12,422.50",42542
21-Feb-2025,EQ,"642.00","644.65","615.20","641.60","625.00","624.80","623.70","736.90","486.30",1976242,"1,23,25,78,979.00",68193
20-Feb-2025,EQ,"633.45","643.40","630.00","634.95","642.00","641.60","640.62","736.90","486.30",891876,"57,13,56,838.45",41193
19-Feb-2025,EQ,"626.15","639.55","620.25","626.15","634.50","634.95","629.41","736.90","486.30",1023390,"64,41,36,355.25",32307